,Dataset,Method,Level,Avg. ACD,Std. ACD
0,MetroTraffic,wavestitch-8,C,0.14239265185898287,0.007297667965101742
1,MetroTraffic,wavestitch-8,M,0.13392249342354456,0.01017272270824141
2,MetroTraffic,wavestitch-8,F,0.04193112947019499,0.0014408998331573374
3,MetroTraffic,wavestitch-16,C,0.149311730160465,0.00966856026129773
4,MetroTraffic,wavestitch-16,M,0.13256437955668135,0.00983385116222542
5,MetroTraffic,wavestitch-16,F,0.041890822510538175,0.0010196377183066113
6,MetroTraffic,wavestitch-32,C,0.19481033602700526,0.009257184891222627
7,MetroTraffic,wavestitch-32,M,0.11589872198752157,0.017564908512743508
8,MetroTraffic,wavestitch-32,F,0.04344507281669215,0.0020112707469217804
9,MetroTraffic,wavestitch-1,C,0.1932434769792583,0.007218475670115511
10,MetroTraffic,wavestitch-1,M,0.12543493959481664,0.014525476180365154
11,MetroTraffic,wavestitch-1,F,0.040099997645590676,0.0018411807753270224
12,MetroTraffic,timegan,C,0.46683650536562,0.004043683991364713
13,MetroTraffic,timegan,M,0.43705974470421954,0.007595640992063657
14,MetroTraffic,timegan,F,0.4025360153953823,0.02425517745763531
15,MetroTraffic,timeweaver,C,0.19089845536093014,0.005462596792358677
16,MetroTraffic,timeweaver,M,0.20811703167741308,0.025318375285069455
17,MetroTraffic,timeweaver,F,0.2342118772144776,0.03784265711574697
18,MetroTraffic,tsdiff-0.5,C,0.3079054239653859,0.005505398386828715
19,MetroTraffic,tsdiff-0.5,M,0.15929952257456823,0.007775811107775809
20,MetroTraffic,tsdiff-0.5,F,0.05719705707861744,0.001450159131492563
21,RossmanSales,wavestitch-8,C,0.1621450344068629,0.0014683385710454059
22,RossmanSales,wavestitch-8,M,0.1829007632415625,0.007377517942932307
23,RossmanSales,wavestitch-8,F,0.050872385915007326,0.0010958442895069558
24,RossmanSales,wavestitch-16,C,0.1607294571304752,0.0017463632016715734
25,RossmanSales,wavestitch-16,M,0.18283602835207147,0.002728376461011164
26,RossmanSales,wavestitch-16,F,0.05313880528699845,0.0002825019467011476
27,RossmanSales,wavestitch-32,C,0.15210639242125124,0.0021738528855245985
28,RossmanSales,wavestitch-32,M,0.17193014954146205,0.003427619900242467
29,RossmanSales,wavestitch-32,F,0.05570134045576096,0.001097144016695432
30,RossmanSales,wavestitch-1,C,0.1700051143874774,0.0011551405997265263
31,RossmanSales,wavestitch-1,M,0.20342678515072582,0.0019155876548026065
32,RossmanSales,wavestitch-1,F,0.05004649354406676,0.0015146605364073854
33,RossmanSales,timegan,C,0.2885440174476966,0.0022237791577762937
34,RossmanSales,timegan,M,0.28861238306140213,0.00510038290928559
35,RossmanSales,timegan,F,0.310715952098917,0.004479825795936083
36,RossmanSales,timeweaver,C,0.14951299193331463,0.0005868082550599657
37,RossmanSales,timeweaver,M,0.18139010430235084,0.00354672396510583
38,RossmanSales,timeweaver,F,0.24149660521034008,0.004654346506643273
39,RossmanSales,tsdiff-0.5,C,0.13103504837466895,0.001903056024493774
40,RossmanSales,tsdiff-0.5,M,0.17583285603278356,0.005455539353767469
41,RossmanSales,tsdiff-0.5,F,0.12588248126679472,0.005526127461523872
42,BeijingAirQuality,wavestitch-8,C,0.12694931906429313,0.003495695147691544
43,BeijingAirQuality,wavestitch-8,M,0.11567135215778432,0.01000277091549549
44,BeijingAirQuality,wavestitch-8,F,0.02022156026096502,0.0005864168862728309
45,BeijingAirQuality,wavestitch-16,C,0.13757811184092175,0.012515622935619138
46,BeijingAirQuality,wavestitch-16,M,0.12669996331579467,0.01246558421751367
47,BeijingAirQuality,wavestitch-16,F,0.02009853429920224,0.0010783325204236634
48,BeijingAirQuality,wavestitch-32,C,0.15579468497722265,0.004096134753185039
49,BeijingAirQuality,wavestitch-32,M,0.1085212140824535,0.007471915581257837
50,BeijingAirQuality,wavestitch-32,F,0.020838854413607028,0.0008455204944712664
51,BeijingAirQuality,wavestitch-1,C,0.15143169346834712,0.007429019259983888
52,BeijingAirQuality,wavestitch-1,M,0.10704082368705636,0.004801448684586427
53,BeijingAirQuality,wavestitch-1,F,0.02156368203117524,0.0005786769297457253
54,BeijingAirQuality,timegan,C,0.19142241976418178,0.0015277818155615386
55,BeijingAirQuality,timegan,M,0.23085126672493797,0.006144756709923436
56,BeijingAirQuality,timegan,F,0.2228332606535023,0.005186848330415588
57,BeijingAirQuality,timeweaver,C,0.1543785403688876,0.004778361529871564
58,BeijingAirQuality,timeweaver,M,0.10398701856986044,0.0026414817420461556
59,BeijingAirQuality,timeweaver,F,0.26481778907234305,0.020965373255214297
60,BeijingAirQuality,tsdiff-0.5,C,0.2842257021285998,0.0023665755765387994
61,BeijingAirQuality,tsdiff-0.5,M,0.17078344630096984,0.006247618743587136
62,BeijingAirQuality,tsdiff-0.5,F,0.024882894662621127,0.0008432397362364028
63,AustraliaTourism,wavestitch-8,C,0.0184745106216773,0.001591847228288318
64,AustraliaTourism,wavestitch-8,M,0.03847398363093647,0.0009860290416006613
65,AustraliaTourism,wavestitch-8,F,0.021876442132087625,0.0004697921475934148
66,AustraliaTourism,wavestitch-16,C,0.019123613636347882,0.001044684428410539
67,AustraliaTourism,wavestitch-16,M,0.03770491928175794,0.0002423708134157381
68,AustraliaTourism,wavestitch-16,F,0.021529193054429664,0.00033863925521460786
69,AustraliaTourism,wavestitch-32,C,0.022784725195294862,0.002349769314725722
70,AustraliaTourism,wavestitch-32,M,0.06925909269161637,0.013735877971105698
71,AustraliaTourism,wavestitch-32,F,0.023844535354694208,0.0024000433034442035
72,AustraliaTourism,wavestitch-1,C,0.017836113619397197,0.0011112020713494773
73,AustraliaTourism,wavestitch-1,M,0.04001976487880391,0.004373651451293999
74,AustraliaTourism,wavestitch-1,F,0.02172078719362183,0.00023333250630363513
75,AustraliaTourism,timegan,C,0.25922183703910584,0.0148972057333862
76,AustraliaTourism,timegan,M,0.25343553650684464,0.00632074971060736
77,AustraliaTourism,timegan,F,0.2554893275914442,0.023847743762481808
78,AustraliaTourism,timeweaver,C,0.024296263116468476,0.002943267282065743
79,AustraliaTourism,timeweaver,M,0.09311244551383524,0.02098565887618079
80,AustraliaTourism,timeweaver,F,0.12579625142052808,0.0015174314360183684
81,AustraliaTourism,tsdiff-0.5,C,0.08994109559705862,0.0031822024357058385
82,AustraliaTourism,tsdiff-0.5,M,0.25573410633786886,0.00220369435220164
83,AustraliaTourism,tsdiff-0.5,F,0.09033384462120042,0.0010316695463048915
84,PanamaEnergy,wavestitch-8,C,0.2944424890460546,0.004991878913828786
85,PanamaEnergy,wavestitch-8,M,0.1783182425229215,0.032039658766878976
86,PanamaEnergy,wavestitch-8,F,0.08098759543456102,0.007182496956406608
87,PanamaEnergy,wavestitch-16,C,0.30031480675868033,0.003615710962297507
88,PanamaEnergy,wavestitch-16,M,0.20363733032631917,0.023279683050296072
89,PanamaEnergy,wavestitch-16,F,0.08577532837551831,0.0020343235993005512
90,PanamaEnergy,wavestitch-32,C,0.32371435445625296,0.005809575970709791
91,PanamaEnergy,wavestitch-32,M,0.18765546857453969,0.013916178451654977
92,PanamaEnergy,wavestitch-32,F,0.07108578834076947,0.0023758404487754284
93,PanamaEnergy,wavestitch-1,C,0.3126942522875157,0.004630761605011653
94,PanamaEnergy,wavestitch-1,M,0.21596486306111679,0.015381520299682852
95,PanamaEnergy,wavestitch-1,F,0.08188620761408685,0.004172840107915703
96,PanamaEnergy,timegan,C,0.4102106363311731,0.00041277257642284093
97,PanamaEnergy,timegan,M,0.3816704798596541,0.0019425904148771876
98,PanamaEnergy,timegan,F,0.4173279152305745,0.0005445012013757022
99,PanamaEnergy,timeweaver,C,0.32135148155494125,0.002625772593418552
100,PanamaEnergy,timeweaver,M,0.25840034177264454,0.020333125474308232
101,PanamaEnergy,timeweaver,F,0.3526243027083725,0.02422579563579502
102,PanamaEnergy,tsdiff-0.5,C,0.38816370225035746,0.001475134357212807
103,PanamaEnergy,tsdiff-0.5,M,0.3090356880711874,0.011073611999778278
104,PanamaEnergy,tsdiff-0.5,F,0.08120329836502957,0.0006007105567027752
